dataset,run_name,experiment_name,run_dir,sample_rate_from_name,n_views_from_name,train_json_status,test_json_status,ate_json_status,train_avg_lpips,train_avg_psnr,train_avg_ssim,test_avg_lpips,test_avg_psnr,test_avg_ssim,n_train_frames,n_test_frames,ate_compared_pose_pairs,ate_rmse,ate_mean,ate_median,ate_std,ate_min,ate_max,psnr_drop_train_to_test,ssim_drop_train_to_test,lpips_increase_train_to_test,generalization_risk,ate_compare_scope,ate_compare_note
405841,reggs_405841_scene_A_sr10_nv4,405841__reggs_405841_scene_A_sr10_nv4,/home/bzhang512/CV_Project/output/part2/405841/reggs_405841_scene_A_sr10_nv4,10.0,4.0,ok,ok,ok,0.07966572558507323,49.94065475463867,0.9876660108566284,0.5879881978034973,19.048076629638672,0.5611445903778076,4,2,4.0,0.6616531506994158,0.6121674309965616,0.5417856048401759,0.25106956856125323,0.3461765568522003,1.0189219574536945,30.892578125,0.4265214204788208,0.5083224722184241,high_gap,within_dataset_only,ATE scale can differ by dataset. Compare ATE RMSE only within the same dataset.
dl3dv_2,reggs_dl3dv2_sr30_nv8,dl3dv_2__reggs_dl3dv2_sr30_nv8,/home/bzhang512/CV_Project/output/part2/dl3dv_2/reggs_dl3dv2_sr30_nv8,30.0,8.0,ok,ok,ok,0.0013654725244123256,52.825459480285645,0.9993310421705246,0.46645615100860593,15.689011573791504,0.44693023562431333,8,10,8.0,2.325984345867509,1.9373543404863307,1.6262766394906683,1.2871912587566303,0.5519328379412075,4.996961531706842,37.13644790649414,0.5524008065462113,0.4650906784841936,high_gap,within_dataset_only,ATE scale can differ by dataset. Compare ATE RMSE only within the same dataset.
re10k,reggs_re10k1_sr30_nv8,re10k__reggs_re10k1_sr30_nv8,/home/bzhang512/CV_Project/output/part2/re10k/reggs_re10k1_sr30_nv8,30.0,8.0,ok,ok,ok,0.004270415724022314,42.27503252029419,0.9973039999604225,0.14363006088468763,25.001969231499565,0.8791745106379191,8,9,8.0,0.010643007092227078,0.009655477660000251,0.009389103285508994,0.004477203493524938,0.0019742188094032404,0.017910025686922154,17.273063288794624,0.11812948932250344,0.13935964516066532,high_gap,within_dataset_only,ATE scale can differ by dataset. Compare ATE RMSE only within the same dataset.
