model,dataset,num_rows,avg_psnr_mean,avg_ssim_mean,avg_lpips_mean,ate_rmse_mean
reggs,405841,1,16.680513056962848,0.4812841236424846,0.5235091968122141,19.29405975341797
s3po,405841,1,11.611197817924968,0.46412217400593464,0.781257252952906,13.990024242701782
reggs,dl3dv_2,1,15.792936102764026,0.4430072599568883,0.48163133650716095,1.8730742931365967
s3po,dl3dv_2,1,11.72003178660934,0.3531089033428076,0.6044096927334731,1.1547817556811233
reggs,re10k_1,1,26.024956123917192,0.8950996368019669,0.1276927331522866,0.010797359049320221
s3po,re10k_1,1,13.271563939695005,0.49576517398710607,0.38937505282185697,0.04681772772153086
