model,dataset,num_rows,avg_psnr_mean,avg_ssim_mean,avg_lpips_mean,ate_rmse_mean
reggs,405841,1,16.680513056962848,0.4812841236424846,0.5235091968122141,19.29405975341797
s3po,405841,2,16.250112701394706,0.5662003986162847,0.5411661050422898,2.8144775466002177
reggs,dl3dv_2,1,15.792936102764026,0.4430072599568883,0.48163133650716095,1.8730742931365967
s3po,dl3dv_2,2,11.82482740444106,0.392090558024073,0.6037108860909939,1.75726062888363
reggs,re10k_1,1,26.024956123917192,0.8950996368019669,0.1276927331522866,0.010797359049320221
s3po,re10k_1,2,13.236158604092068,0.49932236191299223,0.38425495612124605,0.04751827567612664
