model,dataset,run_name,eval_scope,num_eval_frames,num_ate_pairs,avg_psnr,avg_ssim,avg_lpips,ate_rmse,ate_mean,ate_median,ate_std,ate_min,ate_max
reggs,405841,reggs_405841_scene_full_dl3dv-ckpt_sr30_nv20_sm2_stable_v1,full_test_all_non_train_subset_v1,179,179,16.680513056962848,0.4812841236424846,0.5235091968122141,19.29405975341797,16.7898006439209,15.761176109313965,9.505967140197754,2.4766695499420166,41.34724426269531
s3po,405841,infer_405841,full_test_external_infer,179,179,11.611197817924968,0.46412217400593464,0.781257252952906,13.990024242701782,12.224049269165688,12.499721070292177,6.80392517422064,0.18675180500189786,28.175674101523686
reggs,dl3dv_2,reggs_dl3dv2_dl3dv-ckpt_sr30_nv10,full_test_all_non_train_subset_v1,296,296,15.792936102764026,0.4430072599568883,0.48163133650716095,1.8730742931365967,1.442458152770996,0.8742092847824097,1.1948732137680054,0.20253793895244598,5.2573394775390625
s3po,dl3dv_2,infer_dl3dv2,full_test_external_infer,296,296,11.72003178660934,0.3531089033428076,0.6044096927334731,1.1547817556811233,0.9414984460271567,0.8223396321049403,0.6686565481489181,0.06670341213960897,2.9535481081041612
reggs,re10k_1,reggs_re10k1_re10k-ckpt_sr50_nv9_sm2_comparison_check,full_test_all_non_train_subset_v1,270,270,26.024956123917192,0.8950996368019669,0.1276927331522866,0.010797359049320221,0.010117258876562119,0.009847135283052921,0.0037714794743806124,0.0028182005044072866,0.02648404985666275
s3po,re10k_1,infer_re10k1,full_test_external_infer,270,270,13.271563939695005,0.49576517398710607,0.38937505282185697,0.04681772772153086,0.039631171506341455,0.03242559600939458,0.024925285836723085,0.004890716893472824,0.1148413992612095
